GCTTATCCT,Indica I,134.01631578947365
GCTTATCCT,Indica I,134.01631578947365
GCTTATCCT,Indica I,134.01631578947365
GCTTATCCT,Indica I,134.01631578947365
GCTTATCCT,Indica I,134.01631578947365
GCTTATCCT,Indica I,134.01631578947365
GCTTATCCT,Indica I,134.01631578947365
GCTTATCCT,Indica I,134.01631578947365
GCTTATCCT,Indica I,134.01631578947365
GCTTATCCT,Indica I,134.01631578947365
GCTTATCCT,Indica I,134.01631578947365
GCTTATCCT,Indica I,134.01631578947365
GCTTATCCT,Indica I,134.01631578947365
GCTTATCCT,Indica I,134.01631578947365
GCTTATCCT,Indica I,134.01631578947365
GCTTATCCT,Indica I,134.01631578947365
GCTTATCCT,Indica I,134.01631578947365
GCTTATCCT,Indica I,134.01631578947365
GCTTATCCT,Indica I,134.01631578947365
GCTTATCCT,Indica I,134.01631578947365
GCTTATCCT,Indica I,134.01631578947365
GCTTATCCT,Indica I,134.01631578947365
GCTTATCCT,Indica I,134.01631578947365
GCTTATCCT,Indica I,134.01631578947365
GCTTATCCT,Indica I,134.01631578947365
GCTTATCCT,Indica I,134.01631578947365
GCTTATCCT,Indica I,134.01631578947365
GCTTATCCT,Indica I,134.01631578947365
GCTTATCCT,Indica I,134.01631578947365
GCTTATCCT,Indica I,134.01631578947365
GCTTATCCT,Indica I,134.01631578947365
GCTTATCCT,Indica I,134.01631578947365
GCTTATCCT,Indica I,134.01631578947365
GCTTATCCT,Indica I,134.01631578947365
GCTTATCCT,Indica I,134.01631578947365
GCTTATCCT,Indica I,134.01631578947365
GCTTATCCT,Indica I,134.01631578947365
GCTTATCCT,Indica I,134.01631578947365
GCTTATCCT,Indica I,134.01631578947365
GCTTATCCT,Indica I,134.01631578947365
GCTTATCCT,Indica I,134.01631578947365
GCTTATCCT,Indica I,134.01631578947365
GCTTATCCT,Indica I,134.01631578947365
GCTTATCCT,Indica I,134.01631578947365
GCTTATCCT,Indica I,134.01631578947365
GCTTATCCT,Indica I,134.01631578947365
GCTTATCCT,Indica I,134.01631578947365
GCTTATCCT,Indica I,134.01631578947365
GCTTATCCT,Indica I,134.01631578947365
GCTTATCCT,Indica I,134.01631578947365
GCTTATCCT,Indica I,134.01631578947365
GCTTATCCT,Indica I,134.01631578947365
GCTTATCCT,Indica I,134.01631578947365
GCTTATCCT,Indica I,134.01631578947365
GCTTATCCT,Indica I,134.01631578947365
GCTTATCCT,Indica I,134.01631578947365
GCTTATCCT,Indica I,134.01631578947365
GCTTATCCT,Indica I,134.01631578947365
GCTTATCCT,Indica I,134.01631578947365
GCTTATCCT,Indica I,134.01631578947365
GCTTATCCT,Indica I,134.01631578947365
GCTTATCCT,Indica I,134.01631578947365
GCTTATCCT,Indica I,134.01631578947365
GCTTATCCT,Indica I,134.01631578947365
GCTTATCCT,Indica I,134.01631578947365
GCTTATCCT,Indica I,134.01631578947365
GCTTATCCT,Indica I,134.01631578947365
GCTTATCCT,Indica I,134.01631578947365
GCTTATCCT,Indica I,134.01631578947365
GCTTATCCT,Indica I,134.01631578947365
GCTTATCCT,Indica I,134.01631578947365
GCTTATCCT,Indica I,134.01631578947365
GCTTATCCT,Indica I,134.01631578947365
GCTTATCCT,Indica I,134.01631578947365
GCTTATCCT,Indica I,134.01631578947365
GCTTATCCT,Indica I,134.01631578947365
GCTTATCCT,Indica I,134.01631578947365
GCTTATCCT,Indica I,134.01631578947365
GCTTATCCT,Indica I,134.01631578947365
GCTTATCCT,Indica I,134.01631578947365
GCTTATCCT,Indica I,134.01631578947365
GCTTATCCT,Indica I,134.01631578947365
GCTTATCCT,Indica I,134.01631578947365
GCTTATCCT,Indica I,134.01631578947365
GCTTATCCT,Indica I,134.01631578947365
GCTTATCCT,Indica I,134.01631578947365
GCTTATCCT,Indica I,134.01631578947365
GCTTATCCT,Indica I,134.01631578947365
GCTTATCCT,Indica I,134.01631578947365
GCTTATCCT,Indica I,134.01631578947365
GCTTATCCT,Indica I,134.01631578947365
GCTTATCCT,Indica I,134.01631578947365
GCTTATCCT,Indica I,134.01631578947365
GCTTATCCT,Indica I,134.01631578947365
GCTTATCCT,Indica I,134.01631578947365
GCTTATCCT,Indica I,134.01631578947365
GCTTATCCT,Indica I,134.01631578947365
GCTTATCCT,Indica I,134.01631578947365
GCTTATCCT,Indica I,134.01631578947365
GCTTATCCT,Indica I,134.01631578947365
GCTTATCCT,Indica I,134.01631578947365
GCTTATCCT,Indica I,134.01631578947365
GCTTATCCT,Indica I,134.01631578947365
GCTTATCCT,Indica I,134.01631578947365
GCTTATCCT,Indica I,134.01631578947365
GCTTATCCT,Indica I,134.01631578947365
GCTTATCCT,Indica I,134.01631578947365
GCTTATCCT,Indica I,134.01631578947365
GCTTATCCT,Indica I,134.01631578947365
GCTTATCCT,Indica I,134.01631578947365
GCTTATCCT,Indica I,134.01631578947365
GCTTATCCT,Indica I,134.01631578947365
GCTTATCCT,Indica I,134.01631578947365
GCTTATCCT,Indica I,134.01631578947365
GCTTATCCT,Indica I,134.01631578947365
GCTTATCCT,Indica I,134.01631578947365
GCTTATCCT,Indica I,134.01631578947365
GCTTATCCT,Indica I,134.01631578947365
GCTTATCCT,Indica I,134.01631578947365
GCTTATCCT,Indica I,134.01631578947365
GCTTATCCT,Indica I,134.01631578947365
GCTTATCCT,Indica I,134.01631578947365
GCTTATCCT,Indica I,134.01631578947365
GCTTATCCT,Indica I,134.01631578947365
GCTTATCCT,Indica I,134.01631578947365
GCTTATCCT,Indica I,134.01631578947365
GCTTATCCT,Indica I,134.01631578947365
GCTTATCCT,Indica I,134.01631578947365
GCTTATCCT,Indica I,134.01631578947365
GCTTATCCT,Indica I,134.01631578947365
GCTTATCCT,Indica I,134.01631578947365
GCTTATCCT,Indica I,134.01631578947365
GCTTATCCT,Indica I,134.01631578947365
GCTTATCCT,Indica I,134.01631578947365
GCTTATCCT,Indica I,134.01631578947365
GCTTATCCT,Indica I,134.01631578947365
GCTTATCCT,Indica I,134.01631578947365
GCTTATCCT,Indica I,134.01631578947365
GCTTATCCT,Indica I,134.01631578947365
GCTTATCCT,Indica I,134.01631578947365
GCTTATCCT,Indica I,134.01631578947365
GCTTATCCT,Indica I,134.01631578947365
GCTTATCCT,Indica I,134.01631578947365
GCTTATCCT,Indica I,134.01631578947365
GCTTATCCT,Indica I,134.01631578947365
GCTTATCCT,Indica I,134.01631578947365
GCTTATCCT,Indica I,134.01631578947365
GCTTATCCT,Indica I,134.01631578947365
GCTTATCCT,Indica I,134.01631578947365
GCTTATCCT,Indica I,134.01631578947365
GCTTATCCT,Indica I,134.01631578947365
GCTTATCCT,Indica I,134.01631578947365
GCTTATCCT,Indica I,134.01631578947365
GCTTATCCT,Indica I,134.01631578947365
GCTTATCCT,Indica I,134.01631578947365
GCTTATCCT,Indica I,134.01631578947365
GCTTATCCT,Indica I,134.01631578947365
GCTTATCCT,Indica I,134.01631578947365
GCTTATCCT,Indica I,134.01631578947365
GCTTATCCT,Indica I,134.01631578947365
GCTTATCCT,Indica I,134.01631578947365
GCTTATCCT,Indica I,134.01631578947365
GCTTATCCT,Indica I,134.01631578947365
GCTTATCCT,Indica I,134.01631578947365
GCTTATCCT,Indica I,134.01631578947365
GCTTATCCT,Indica I,134.01631578947365
GCTTATCCT,Indica I,134.01631578947365
GCTTATCCT,Indica I,134.01631578947365
GCTTATCCT,Indica I,134.01631578947365
GCTTATCCT,Indica I,134.01631578947365
GCTTATCCT,Indica I,134.01631578947365
GCTTATCCT,Indica I,134.01631578947365
GCTTATCCT,Indica I,134.01631578947365
GCTTATCCT,Indica I,134.01631578947365
GCTTATCCT,Indica I,134.01631578947365
GCTTATCCT,Indica I,134.01631578947365
GCTTATCCT,Indica I,134.01631578947365
GCTTATCCT,Indica I,134.01631578947365
GCTTATCCT,Indica I,134.01631578947365
GCTTATCCT,Indica I,134.01631578947365
GCTTATCCT,Indica I,134.01631578947365
GCTTATCCT,Indica I,134.01631578947365
GCTTATCCT,Indica I,134.01631578947365
GCTTATCCT,Indica I,134.01631578947365
GCTTATCCT,Indica I,134.01631578947365
GCTTATCCT,Indica I,134.01631578947365
GCTTATCCT,Indica I,134.01631578947365
GCTTATCCT,Indica I,134.01631578947365
GCTTATCCT,Indica I,134.01631578947365
GCTTATCCT,Indica I,134.01631578947365
GCTTATCCT,Indica I,134.01631578947365
GCTTATCCT,Indica I,134.01631578947365
GCTTATCCT,Indica I,134.01631578947365
GCTTATCCT,Indica I,134.01631578947365
GCTTATCCT,Indica I,134.01631578947365
GCTTATCCT,Indica I,134.01631578947365
GCTTATCCT,Indica I,134.01631578947365
GCTTATCCT,Indica I,134.01631578947365
GCTTATCCT,Indica I,134.01631578947365
GCTTATCCT,Indica I,134.01631578947365
GCTTATCCT,Indica I,134.01631578947365
GCTTATCCT,Indica I,134.01631578947365
GCTTATCCT,Indica I,134.01631578947365
GCTTATCCT,Indica I,134.01631578947365
GCTTATCCT,Indica I,134.01631578947365
GCTTATCCT,Indica I,134.01631578947365
GCTTATCCT,Indica I,134.01631578947365
GCTTATCCT,Indica I,134.01631578947365
GCTTATCCT,Indica I,134.01631578947365
GCTTATCCT,Indica I,134.01631578947365
GCTTATCCT,Indica I,134.01631578947365
GCTTATCCT,Indica I,134.01631578947365
GCTTATCCT,Indica I,134.01631578947365
GCTTATCCT,Indica I,134.01631578947365
GCTTATCCT,Indica I,134.01631578947365
GCTTATCCT,Indica I,134.01631578947365
GCTTATCCT,Indica I,134.01631578947365
GCTTATCCT,Indica I,134.01631578947365
GCTTATCCT,Indica I,134.01631578947365
GCTTCTCCT,Aus,154.0608695652174
GCTTATCCT,Indica I,134.01631578947365
GCTTATCCT,Indica I,134.01631578947365
GCTTATCCT,Indica I,134.01631578947365
GCTTATTCT,Indica Intermediate,128.14102564102564
GCTTATTCT,Indica I,134.01631578947365
GCTTATCCT,Indica I,134.01631578947365
GCTTCCCTA,VI/Aromatic,161.97285714285718
GCTTATTCT,Indica Intermediate,128.14102564102564
GCTTATCCA,Indica I,134.01631578947365
GCTTATCCA,Indica I,134.01631578947365
GCTTATCCT,Indica I,134.01631578947365
GCTTATCCT,Indica I,134.01631578947365
GCTTCTCCT,Aus,154.0608695652174
GCTTCTCCT,Aus,154.0608695652174
GCTTCTCCT,Aus,154.0608695652174
GCTTCTCCT,Aus,154.0608695652174
GCTTATCCT,Indica I,134.01631578947365
GCTTATCCT,Indica I,134.01631578947365
GGCCTATTC,Indica Intermediate,128.14102564102564
GGCCTATTC,Indica I,134.01631578947365
GCTTATCCT,Indica I,134.01631578947365
GGCCTATTC,Indica I,134.01631578947365
GCTTATTCT,Indica I,134.01631578947365
GCTTCCCTA,Indica I,134.01631578947365
GCTTATTCT,Indica Intermediate,128.14102564102564
GGCTTATTC,Indica Intermediate,128.14102564102564
GCACATCCT,VI/Aromatic,161.97285714285718
GCACATCCT,Indica I,134.01631578947365
GCTTATCCT,Indica I,134.01631578947365
GCTTATCCT,Indica I,134.01631578947365
GCTTCACCT,Temperate Japonica,122.17645161290325
GCTTCACCT,Indica I,134.01631578947365
GCTTCTCCT,Aus,154.0608695652174
GCTTCACCT,Temperate Japonica,122.17645161290325
GCTTCACCT,Temperate Japonica,122.17645161290325
GCTTATCAT,Indica I,134.01631578947365
GCTTATCAT,Indica I,134.01631578947365
GCTTCTCCT,Aus,154.0608695652174
GGCCTATTC,Indica I,134.01631578947365
GGCCTATTC,Indica I,134.01631578947365
GCTTATCAT,Indica I,134.01631578947365
GCTTATCAT,Indica I,134.01631578947365
GCTTATCCT,Indica I,134.01631578947365
GCTTAAACT,Tropical Japonica,142.12395348837208
GCTTAAACT,Temperate Japonica,122.17645161290325
GCTTAAACT,Temperate Japonica,122.17645161290325
GCTTAAACT,Temperate Japonica,122.17645161290325
GCTTATCAT,Indica I,134.01631578947365
GCTTATCAT,Indica I,134.01631578947365
GCTTATCAT,Indica I,134.01631578947365
GCTTATCAT,Indica I,134.01631578947365
GCTTATCAT,Indica I,134.01631578947365
GCTTATCAT,Indica I,134.01631578947365
GCTTATCAT,Indica I,134.01631578947365
GCTTCCCTA,Intermediate,126.60714285714288
GCTTCCCTA,VI/Aromatic,161.97285714285718
GCTTCCCTA,VI/Aromatic,161.97285714285718
GCTTATTCT,Indica Intermediate,128.14102564102564
GCTTATTCT,Indica Intermediate,128.14102564102564
GGCCTATTC,Indica I,134.01631578947365
GCTTATTCT,Indica Intermediate,128.14102564102564
GCTTATTCT,Indica I,134.01631578947365
GCTTATTCT,Indica Intermediate,128.14102564102564
GCTTATTCT,Indica Intermediate,128.14102564102564
GCTTATCCT,Indica I,134.01631578947365
GCTTCCCTA,Intermediate,126.60714285714288
GCTTCCCTA,Indica I,134.01631578947365
GCTTCCCTA,VI/Aromatic,161.97285714285718
GCTTCCCTA,VI/Aromatic,161.97285714285718
GCTTCTCCT,Aus,154.0608695652174
GCTTCTCCT,Aus,154.0608695652174
GCTTCTCCT,Aus,154.0608695652174
GCTTCTCCT,Indica I,134.01631578947365
GCTTCTCCT,Aus,154.0608695652174
GCTTCTCCT,Indica I,134.01631578947365
GCTTCTCCT,Aus,154.0608695652174
GCTTCTCCT,Aus,154.0608695652174
GCTTCCCTA,VI/Aromatic,161.97285714285718
GCTTATTCT,Indica Intermediate,128.14102564102564
GGCCTATTC,Indica I,134.01631578947365
GGCCTATTC,Indica Intermediate,128.14102564102564
GCTTCCCTA,Intermediate,126.60714285714288
GCTTCCCTA,VI/Aromatic,161.97285714285718
GCTTCCCTA,VI/Aromatic,161.97285714285718
GCTTATTCT,Indica Intermediate,128.14102564102564
GCTTATTCT,Indica Intermediate,128.14102564102564
GCTTATTCT,Indica Intermediate,128.14102564102564
GCTTATCAT,Indica I,134.01631578947365
GCTTATCAT,Indica I,134.01631578947365
GCTTATCAT,Indica I,134.01631578947365
GCTTATCAT,Indica I,134.01631578947365
GCTTATCAT,Indica I,134.01631578947365
GCTTATCAT,Indica I,134.01631578947365
GCTTATCAT,Indica I,134.01631578947365
GCTTATCAT,Indica I,134.01631578947365
GCTTATCAT,Indica I,134.01631578947365
GCTTATCCT,Indica I,134.01631578947365
GCTTCCCTA,Indica I,134.01631578947365
GCTTCCCTA,Indica I,134.01631578947365
GCTTCCCTA,Indica I,134.01631578947365
GCTTATCAT,Indica I,134.01631578947365
GCTTCCCTA,Tropical Japonica,142.12395348837208
GCTTCCCTA,VI/Aromatic,161.97285714285718
GCTTATTCT,Indica Intermediate,128.14102564102564
GCTTCCCTA,Intermediate,126.607
GCTTATTCT,Indica Intermediate,128.141
GCTTCCCTA,VI/Aromatic,161.973
GCTTCCCTA,VI/Aromatic,161.973
GCTTCCCTA,VI/Aromatic,161.973
GCTTCCCTA,VI/Aromatic,161.973
GCTTCCCTA,VI/Aromatic,161.973
GCTTCCCTA,VI/Aromatic,161.973
GCTTCTCCT,Aus,154.061
GCTTATCAT,Indica I,134.016
GCTTATTCT,Indica Intermediate,128.141
GCTTATTCT,Indica Intermediate,128.141
GCTTATTCT,Indica Intermediate,128.141
GCTTATTCT,Indica Intermediate,128.141
GCTTATTCT,Indica I,134.016
GCTTATTCT,Indica I,134.016
GCTTATTCT,Indica Intermediate,128.141
GCTTATTCT,Indica Intermediate,128.141
GCTTATCAT,Indica I,134.016
GCTTATCAT,Indica I,134.016
GCTTATCAT,Indica I,134.016
GCTTATCAT,Indica I,134.016
GCTTATCAT,Indica I,134.016
GCTTATCCT,Indica I,134.016
GCTTCCCTA,VI/Aromatic,161.973
GCTTATTCT,Indica Intermediate,128.141
GGCCTATTC,Indica I,134.016
GCTTCCCTA,VI/Aromatic,161.973
GCTTCCCTA,VI/Aromatic,161.973
GCTTCCCTA,VI/Aromatic,161.973
GCTTATCAT,Indica I,134.016
GCTTATCAT,Indica I,134.016
GCTTATCAT,Indica I,134.016
GCTTATCAT,Indica I,134.016
GCTTATCAT,Indica I,134.016
GCTTATCAT,Indica I,134.016
GCTTATCAT,Indica I,134.016
GCTTATCAT,Indica I,134.016
GCTTCTCCT,Aus,154.061
GCTTATCCT,Indica I,134.016
GCTTATTCT,Indica Intermediate,128.141
GCTTCTCCT,Aus,154.061
GCTTCTCCT,Aus,154.061
GCTTCTCCT,Aus,154.061
GCTTCTCCT,Indica I,134.016
GCTTCTCCT,Aus,154.061
GCTTCTCCT,Aus,154.061
GCTTCTCCT,Aus,154.061
GCTTCTCCT,Aus,154.061
GCTTCTCCT,Aus,154.061
GCTTCTCCT,Aus,154.061
GCTTCTCCT,Aus,154.061
GCTTCTCCT,Aus,154.061
GCTTATTCT,Indica Intermediate,128.141
GCTTATTCT,Indica I,134.016
GCTTATTCT,Indica Intermediate,128.141
GCTTATTCT,Indica Intermediate,128.141
GCTTATCCT,Indica I,134.016
GCTTATCAT,Indica I,134.016
ACCTGTTTA,Indica Intermediate,128.141
GCTTCTCCT,Aus,154.061
GCTTATCCT,Indica I,134.016
GCTTCTCCT,Aus,[176.73114]
GCTTCCCTA,VI/Aromatic,[180.88509]
GCTTATTCT,Indica I,[150.39604]
GGCCTATTC,Indica I,[180.01923]
GCTTATCAT,Indica I,[129.39717]
GCTTATCCT,Indica I,[157.07732]
GCTTATCAT,Indica I,[129.39717]
GCTTCCCTA,VI/Aromatic,[180.88509]
GCTTCTCCT,Aus,[176.73114]
GCTTTTTTT,Indica III,[191.11633]
GCTTTTCTT,Indica III,[148.05206]
GCTTTTTTC,Indica Intermediate,[129.83882]
GCTTTTTCC,Indica I,[155.17288]
GCTTATCCT,Indica I,[157.07732]
GCCTTTTTC,Indica I,[179.86351]
ACTGTACTC,Japonica Intermediate,[141.17804]
ACTGTACTT,Temperate Japonica,[95.325134]
ACTGTACTT,Temperate Japonica,[95.325134]
GCTGTACTT,Temperate Japonica,[121.970955]
GGCCTATTC,Indica I,180.01923
GCTTTTTTC,Indica Intermediate,129.83882
GCTTCTCCT,Indica I,194.2821
GCTTCTCCT,Indica I,194.2821
GCTTATCAT,Indica I,129.39717
GCTTATCCT,Indica I,157.07732
GCTTCCCTA,VI/Aromatic,180.88509
