,Cultivar ID,seq,cluster no,Subpopulation,Plant Height (cm)
0,W128,ACCGATCTT,1,Intermediate,149.8
1,C175,GCTTTTTTT,2,Indica Intermediate,111.2
2,C192,GCTTTTTTT,2,Indica Intermediate,185.07
3,C162,GCTTTTTTT,2,Indica Intermediate,97.77
4,C072,GCTTTTTTT,2,Indica I,158.07
5,C107,GCTTTTTTT,2,Indica III,193.67
6,C142,GCTTTTTTT,2,Indica III,198.57
7,W298,GCTTTTTTT,2,Indica II,95.2
8,W291,GCTTTTTTT,2,Indica II,96.6
9,W274,GCTTTTTTT,2,Indica I,70.8
10,W148,GCTTTTTTT,2,Indica Intermediate,168.4
11,W181,GCTTTTTTT,2,Indica Intermediate,105.8
12,W112,GCTTTTCTT,3,Indica III,167.2
13,C139,GCTTTTCTC,3,Indica I,185.33
14,C173,GCTTTTTTC,4,Indica I,114.4
15,C078,GCTTTTTTC,4,Indica Intermediate,172.4
16,W084,GCTTTTTTC,4,Indica Intermediate,114.4
17,C121,GCTTTTTCT,5,Indica Intermediate,150.67
18,C036,GCTTTTTCT,5,Indica Intermediate,95.07
19,W132,GCTTTTTCC,6,Indica I,156.0
20,C183,GCTTTTTCC,6,Indica I,160.57
21,C128,GCTTTTTCC,6,Indica I,158.23
22,C193,GCTTTTTCC,6,Indica I,158.4
23,C180,GCTTTTTCC,6,Indica I,147.15
24,W306,GCTGTTCCC,7,VI/Aromatic,129.6
25,C001,GCTTTTCCC,8,Indica I,144.13
26,W261,GCTTTTCCC,8,Intermediate,132.4
27,W079,GCCGTTTCT,9,Intermediate,147.6
28,W014,GCCGTTCCT,9,VI/Aromatic,158.0
29,W020,GCCGTTTCC,10,Aus,136.6
30,W095,GCCGTTCCC,11,Aus,165.8
31,W219,GCCGTTCCC,11,VI/Aromatic,161.0
32,W091,GCCGTTCCC,11,Aus,148.2
33,W279,GCCGTTCCC,11,Aus,166.6
34,W278,GCCGTTCCC,11,Aus,146.6
35,W048,GCCGTTCCC,11,Aus,190.2
36,W255,GCCGTTCCC,11,VI/Aromatic,145.8
37,W252,GCCGTTCCC,11,VI/Aromatic,178.0
38,W001,GCCTTATCC,12,Indica I,146.4
39,C081,GCCTTATCC,12,Indica I,155.8
40,C077,GCCTTATCC,12,Indica I,149.8
41,C076,GCCTTATCC,12,Indica I,127.36
42,C184,GCCTTATCC,12,Indica I,156.17
43,C202,GCCTTTTCC,13,Indica I,176.33
44,W258,GCCTTACCC,13,VI/Aromatic,158.4
45,W220,GCCTTTCCC,14,VI/Aromatic,172.0
46,W277,GCCTTTCCC,14,Aus,142.0
47,W136,GCCTTTCCC,14,VI/Aromatic,188.6
48,C015,GCCTTTCCC,14,Aus,152.2
49,C002,GCCTTTCCC,14,VI/Aromatic,177.62
50,W330,GCCTTTCCC,14,Aus,149.6
51,W077,GCCTTTCCC,14,VI/Aromatic,182.4
52,W106,GCCGTTCTT,15,Aus,169.4
53,W140,GCCTTTCTT,15,Aus,145.8
54,W111,GCCTTTTTT,16,Indica III,203.6
55,C194,GCCTTTTTT,16,Indica Intermediate,173.4
56,C108,GCCTTTTTT,16,Indica I,156.8
57,C104,GCCTTTTTT,16,Indica I,179.14
58,W203,GCCTTTTTT,16,Indica Intermediate,185.6
59,C097,GCCTTTTTT,16,Indica Intermediate,172.2
60,C109,GCCTTTTTT,16,Indica I,162.1
61,W054,GCCTTTTTT,16,Indica Intermediate,190.2
62,C047,GCCTTTTTT,16,Indica I,97.53
63,C080,GCCTTTTTT,16,Indica I,170.53
64,W009,GCCTTTTTT,16,Indica III,193.8
65,W089,GCCGTTTTT,17,Indica III,136.4
66,W066,GCCGTTTTT,17,Indica Intermediate,102.2
67,W241,GCCGTTTTT,17,Indica II,119.2
68,W023,GCCGTTTTT,17,Indica III,165.8
69,W093,GCCGTTTTT,17,Indica III,133.0
70,W030,GCCGTACTT,18,Indica Intermediate,172.6
71,W145,GCCTTACTT,18,Indica Intermediate,177.4
72,C132,GCCTTATTT,19,Indica Intermediate,169.67
73,C197,GCCTTATTT,19,Indica I,175.77
74,W204,GCCTTATTT,19,Indica I,154.2
75,W205,GCCTTATTT,19,Indica I,161.8
76,C055,GCCTTATTT,19,Indica I,119.03
77,W080,GCCTTATTT,19,Indica I,141.4
78,C090,GCCTTATTT,19,Indica Intermediate,177.29
79,W247,GCCTTATCT,20,Indica I,170.2
80,W210,GCCTTATCT,20,Indica I,166.4
81,W047,GCCTTACCT,21,Japonica Intermediate,203.2
82,W235,GTCTTTTTC,22,Indica I,148.4
83,W028,GTCGTTCTC,22,Aus,164.2
84,W314,GCCGTATTC,23,Indica II,111.2
85,W114,GCCGTATTC,23,Indica III,181.4
86,C125,GCCGTATTC,23,Indica I,145.65
87,C143,GCCGTATTC,23,Indica I,170.36
88,W282,GCCGTATTC,23,Indica Intermediate,134.8
89,C110,GCCTTATTC,24,Indica I,159.33
90,C140,GCCTTATTC,24,Indica I,164.4
91,W074,GCCTTATTC,24,Indica Intermediate,162.2
92,C182,GCCTTATTC,24,Indica I,161.2
93,W212,GCCTTATTC,24,Indica Intermediate,159.6
94,W198,GCCTTATTC,24,Indica Intermediate,180.0
95,W144,GCCTTATTC,24,Indica I,168.4
96,W036,GCCGTTTTC,25,Indica I,157.8
97,W124,GCCGTTTTC,25,Indica I,134.0
98,C095,GCCGTTTTC,25,Indica I,163.37
99,W026,GCCGTTTTC,25,Indica I,160.6
100,C198,GCCTTTTTC,26,Indica Intermediate,173.77
101,C136,GCCTTTTTC,26,Indica I,182.14
102,C201,GCCTTTTTC,26,Indica Intermediate,194.93
103,C135,GCCTTTTTC,26,Indica I,136.39
104,C100,GCCTTTTTC,26,Indica Intermediate,166.45
105,W320,GCCTTTTTC,26,Indica Intermediate,177.2
106,W272,GCCTTTTTC,26,Indica Intermediate,155.6
107,W032,GCCTTTTTC,26,Indica I,159.6
108,W031,GCCTTTTTC,26,Indica I,159.6
109,W126,GCCTTTTTC,26,Indica I,157.6
110,C088,GCCTTTTTC,26,Indica I,135.4
111,C141,GCCTTTTTC,26,Indica I,190.93
112,W039,GCCTTTTTC,26,Indica I,152.0
113,C096,GCCTTTTTC,26,Indica Intermediate,166.4
114,C073,GCCTTTTTC,26,Indica I,167.83
115,C200,GCCTTTTTC,26,Indica I,189.1
116,C199,GCCTTTTTC,26,Indica I,187.53
117,C190,GCCTTTTTC,26,Indica I,160.9
118,C129,GCCTTTTTC,26,Indica Intermediate,166.87
119,W296,GCCTTTCTC,27,Aus,138.8
120,W297,GCCTTTCTC,27,Aus,161.2
121,W141,GCCTTTCTC,27,Aus,151.6
122,W215,GCCTTTCTC,27,Aus,154.4
123,C013,GCCTTTCTC,27,Aus,150.43
124,W025,GCCTTTCTC,27,Aus,154.2
125,W103,GCCTTTCTC,27,Aus,111.4
126,W034,GCCTTTCTC,27,Aus,165.8
127,W042,GCCTTTCTC,27,Indica Intermediate,185.4
128,W280,GCCTTTCTC,27,Aus,145.8
129,W015,GCCTTTCTC,27,Aus,157.8
130,W121,GCCTTTCTC,27,Aus,177.6
131,W072,GCCTTTCTC,27,Aus,154.0
132,W099,GCCGTTCTC,28,Aus,149.0
133,W100,GCCGTTCTC,28,Aus,177.2
134,W076,GCCGTTCTC,28,Aus,155.0
135,W098,GCCGTTCTC,28,Aus,158.8
136,W115,GCCGTTCTC,28,Aus,153.4
137,W094,GCCGTTCTC,28,Aus,141.8
138,W037,GCCGTTCTC,28,Indica Intermediate,173.8
139,W292,GCCGTTCTC,28,Aus,164.2
140,W092,GCCGTTCTC,28,Aus,144.8
141,W214,GCCGTTCTC,28,Aus,153.8
142,W131,GCCGTTCTC,28,Aus,161.0
143,W108,GCCGTTCTC,28,Aus,161.2
144,W286,GCCGTTCTC,28,Aus,154.8
145,W142,GCCGTTCTC,28,Aus,149.4
146,W096,GCCGTTCTC,28,Aus,165.2
147,W104,GCCGTTCTC,28,Aus,145.4
148,W090,GCCGTTCTC,28,Aus,137.4
149,W287,GCCGTTCTC,28,Aus,150.2
150,W069,GCCGTTCTC,28,Aus,146.4
151,W049,GCCGTACTC,29,Aus,163.8
152,W134,GCCGTACTC,29,Aus,150.0
153,W081,GCCGTACCC,30,VI/Aromatic,130.2
154,W256,GCCGTACCC,30,VI/Aromatic,160.0
155,W135,GCTTTACTC,31,Indica Intermediate,172.8
156,C075,GCTGTACTC,32,Temperate Japonica,131.3
157,W326,GCTGTACTC,32,Japonica Intermediate,155.4
158,C179,GCTGTACTC,32,Temperate Japonica,133.53
159,W082,GCTGTACTC,32,Temperate Japonica,125.0
160,C074,GCTGTACTC,32,Temperate Japonica,143.65
161,C082,GCTGTACTC,32,Temperate Japonica,156.46
162,C071,GCTGTACTC,32,Temperate Japonica,128.2
163,C138,GCTGTACTC,32,Temperate Japonica,190.9
164,C067,GCTGTACTC,32,Temperate Japonica,117.93
165,C186,GCTGTACTC,32,Japonica Intermediate,180.0
166,C171,GCTGTACTC,32,Temperate Japonica,140.61
167,W324,GCTGTACTC,32,Japonica Intermediate,156.0
168,W097,GCTGTACTC,32,Intermediate,137.0
169,W127,GCTGTACTC,32,Japonica Intermediate,142.6
170,W122,GCTGTACTC,32,Japonica Intermediate,169.8
171,W075,GCCTTACTC,33,Indica Intermediate,186.2
172,W035,GCCTTACTC,33,Indica Intermediate,196.2
173,C098,GCCTTACTC,33,Indica Intermediate,178.27
174,W105,GCCTTACTC,33,Aus,156.6
175,C086,GCCTTACTC,33,Aus,147.17
176,W137,GCCTTACTC,33,Indica Intermediate,125.6
177,W129,GCCTTACTC,33,VI/Aromatic,151.2
178,C144,GCTTAACCC,34,Temperate Japonica,206.73
179,C134,GCTTAACCC,34,Temperate Japonica,172.46
180,W143,GCTTAACCC,34,Japonica Intermediate,196.8
181,W325,GCTGAACTC,35,Temperate Japonica,135.8
182,C004,GCTGAACTC,35,Temperate Japonica,140.4
183,C079,GCTGAACTC,35,Temperate Japonica,143.32
184,C133,GCTGAACTC,35,Temperate Japonica,170.8
185,W102,GCTGAACTC,35,Tropical Japonica,182.6
186,C130,GCTGAACTC,35,Temperate Japonica,155.4
187,C093,GCTGAACTC,35,Temperate Japonica,164.73
188,C196,GCTGAACTC,35,Temperate Japonica,193.0
189,C103,GCTGAACTC,35,Temperate Japonica,202.07
190,C111,GCTGAACCC,36,Temperate Japonica,206.13
191,C106,GCTGAACCC,36,Temperate Japonica,191.0
192,W319,GCTGAACCC,36,Temperate Japonica,174.2
193,C137,GCTGAACCC,36,Temperate Japonica,170.0
194,C101,GCTGAACCC,36,Temperate Japonica,192.07
195,W323,ACTGTACTC,37,Japonica Intermediate,136.4
196,C052,ACTGTACTC,37,Temperate Japonica,107.0
197,C185,ACTGTACTC,37,Japonica Intermediate,145.0
198,W021,ACTGTACTC,37,Japonica Intermediate,142.4
199,W327,ACTGTACTC,37,Temperate Japonica,89.8
200,W130,ACTGTACTT,38,Temperate Japonica,92.6
201,C032,ACTGTACTT,38,Temperate Japonica,107.8
202,W158,ACTGTACTT,38,Intermediate,107.2
203,C116,ACTGTACTT,38,Temperate Japonica,87.03
204,C028,ACTGTACTT,38,Temperate Japonica,86.97
205,W012,ACTGTACTT,38,Temperate Japonica,100.8
206,C177,ACTGTACTT,38,Temperate Japonica,112.87
207,W117,ACTGTACTT,38,Temperate Japonica,98.6
208,C029,ACTGTACTT,38,Japonica Intermediate,94.0
209,C154,ACTGTACTT,38,Temperate Japonica,77.43
210,C146,ACTGTACTT,38,Temperate Japonica,74.7
211,W052,ACTGTACTT,38,Temperate Japonica,98.6
212,W209,ACTGTACTT,38,Temperate Japonica,142.4
213,W016,ACTGTACTT,38,Temperate Japonica,78.8
214,C057,ACTGTACTT,38,Japonica Intermediate,123.63
215,W283,ACTGTACTT,38,Temperate Japonica,68.4
216,W013,ACTGTACTT,38,Temperate Japonica,98.6
217,W088,ACTGTACTT,38,Temperate Japonica,70.6
218,W010,ACTGTACTT,38,Japonica Intermediate,135.0
219,W160,ACTGTACTT,38,Temperate Japonica,96.0
220,W328,ACTGTACTT,38,Intermediate,117.4
221,C064,ACTGTACTT,38,Temperate Japonica,103.3
222,W027,ACTGTACTT,38,Temperate Japonica,116.8
223,W063,ACTGTACTT,38,Japonica Intermediate,114.2
224,C150,ACTGTACTT,38,Temperate Japonica,90.32
225,W061,ACTGTACTT,38,Japonica Intermediate,121.8
226,C018,ACTGTACTT,38,Temperate Japonica,78.27
227,W109,ACTGTACTT,38,Temperate Japonica,99.4
228,C026,ACTGTACTT,38,Temperate Japonica,104.7
229,C017,ACTGTACTT,38,Temperate Japonica,92.67
230,W305,ACTGTACTT,38,Temperate Japonica,74.0
231,W162,ACTGTACTT,38,Temperate Japonica,98.4
232,W207,ACTGTACTT,38,Temperate Japonica,114.6
233,C035,ACTGTACTT,38,Temperate Japonica,102.58
234,C152,ACTGTACTT,38,Temperate Japonica,100.0
235,C048,ACTGTACTT,38,Temperate Japonica,97.33
236,W060,ACTGAACTT,39,Temperate Japonica,119.4
237,W249,ACTGAACTT,39,Temperate Japonica,125.8
238,C012,ACTGAACTT,39,Temperate Japonica,114.1
239,W250,ACTGAACTT,39,Temperate Japonica,123.2
240,W193,ACTGAACTT,39,Temperate Japonica,121.4
241,W003,ACTGAACTC,40,Tropical Japonica,140.4
242,C063,ACTGAACCC,41,Temperate Japonica,115.54
243,C120,ACTGAACCT,42,Temperate Japonica,97.63
244,C172,ACTGAACCT,42,Temperate Japonica,102.37
245,C149,ACTGAACCT,42,Temperate Japonica,102.47
246,C203,GCTTTACTT,43,Indica I,77.33
247,W240,GCTTTACTT,43,Indica Intermediate,111.6
248,W313,GCTTTACTT,43,Indica II,110.4
249,C124,GCTTTACTT,43,Indica Intermediate,110.27
250,W175,GCTTTACTT,43,Intermediate,101.0
251,W068,GCTTTACTT,43,Temperate Japonica,139.8
252,W116,GCTTAACTT,44,Tropical Japonica,175.4
253,C087,GCTTAACTT,44,Temperate Japonica,141.27
254,W041,GCTGAACTT,45,Tropical Japonica,169.4
255,C189,GCTGAACTT,45,Temperate Japonica,162.36
256,W056,GCTGAACTT,45,Temperate Japonica,129.0
257,C123,GCTGAACTT,45,Tropical Japonica,118.83
258,W011,GCTGAACTT,45,Temperate Japonica,116.8
259,C070,GCTGAACTT,45,Temperate Japonica,97.8
260,W055,GCTGAACTT,45,Intermediate,171.4
261,W173,GCTGTACTT,46,Tropical Japonica,121.6
262,W019,GCTGTACTT,46,Japonica Intermediate,124.8
263,C118,GCTGTACTT,46,Indica II,88.27
264,W045,GCTGTACTT,46,Temperate Japonica,98.0
265,C195,GCTGTACTT,46,Temperate Japonica,171.79
266,W062,GCTGTACTT,46,Tropical Japonica,153.4
267,W302,GCTGTACTT,46,Tropical Japonica,166.8
268,W059,GCTGTACTT,46,Temperate Japonica,115.8
269,C187,GCTGTACTT,46,Temperate Japonica,144.47
270,C034,GCTGTACTT,46,Temperate Japonica,110.5
271,C188,GCTGTACTT,46,Temperate Japonica,137.8
272,C054,GCTGTACTT,46,Temperate Japonica,97.9
273,W018,GCTGTACTT,46,Temperate Japonica,93.4
274,W171,GCTGTACTT,46,Indica Intermediate,96.8
275,C089,GCTGTACTT,46,Temperate Japonica,142.43
276,W070,GCTGTACTT,46,Indica Intermediate,160.4
277,W281,GCTGTACTT,46,Temperate Japonica,150.0
278,C003,GCTGTACTT,46,Japonica Intermediate,141.57
279,C023,GCTGTACTT,46,Temperate Japonica,89.39
280,C181,GCTGTACTT,46,Temperate Japonica,137.9
281,C010,GCTGTACTT,46,Tropical Japonica,106.7
282,W064,GCTGTACTT,46,Temperate Japonica,106.2
283,W038,GCTGTACTT,46,Temperate Japonica,138.0
284,W139,GCTGTACTT,46,Temperate Japonica,96.4
285,C005,GCTTAATTC,47,Tropical Japonica,163.33
286,W002,GCTTAATTC,47,Tropical Japonica,157.4
287,W110,GCTTAATTC,47,Tropical Japonica,154.4
288,W004,GCTTAATTC,47,Tropical Japonica,158.2
289,W284,GCTTAATTC,47,Tropical Japonica,135.4
290,W288,GCTGAATTC,48,Tropical Japonica,144.2
291,W007,GCTGAATTC,48,Tropical Japonica,150.8
292,W273,GCTGAATTC,48,Tropical Japonica,156.2
293,W285,GCTTAATTT,49,Tropical Japonica,134.6
294,W123,GCTGAATTT,50,Tropical Japonica,140.8
295,W006,GCTGAATTT,50,Tropical Japonica,149.8
296,W303,GCTGAATTT,50,Tropical Japonica,157.8
297,W022,GCTGAATTT,50,Tropical Japonica,146.0
298,W053,GCTGAATTT,50,Tropical Japonica,152.6
299,W057,GCTGAATTT,50,Tropical Japonica,182.2
300,W257,GCTGAATTT,50,Tropical Japonica,171.6
301,W067,GCTGAATTT,50,Tropical Japonica,152.6
302,W024,GCTGAATTT,50,Tropical Japonica,139.8
303,W065,GCTGAATTT,50,Tropical Japonica,149.4
304,W017,GCTGAATTT,50,Tropical Japonica,126.2
305,W251,GCTGAATTT,50,Tropical Japonica,129.8
306,W254,GCTGAATTT,50,Tropical Japonica,143.4
307,W008,GCTGAATTT,50,Tropical Japonica,147.0
308,W253,GCTGAATTT,50,Tropical Japonica,146.2
309,W113,GCTGAATTT,50,Tropical Japonica,141.0
310,W005,GCTGAATTT,50,Tropical Japonica,133.8
311,W208,GCTGAATTT,50,Temperate Japonica,119.6
312,C153,GCTGAATTT,50,Tropical Japonica,105.07
313,W275,GCTGAATTT,50,Tropical Japonica,148.2
314,W050,GCTGTACCC,51,VI/Aromatic,174.8
315,C085,GCTGTACCC,51,Japonica Intermediate,147.1
316,C084,GCTGTACCC,51,Japonica Intermediate,157.62
317,C016,GCTGTACCT,52,Temperate Japonica,77.73
318,C056,GCTGTACCT,52,Temperate Japonica,99.03
319,W290,GCTGTACCT,52,Temperate Japonica,116.4
320,C083,GCTGAATCT,53,Temperate Japonica,174.7
321,C157,GCTGTATCT,54,Indica I,75.1
322,C040,GCTGTATCT,54,Indica I,102.46
323,W078,GCTGTATCT,54,Indica Intermediate,96.8
324,W248,GCTTTATTT,55,Indica I,145.4
325,W200,GCTTTATTT,55,Indica Intermediate,115.4
326,W040,GCTTTATTT,55,Indica II,108.4
327,C117,GCTTTATTT,55,Indica Intermediate,110.43
328,C112,GCTTTATTT,55,Indica I,77.43
329,W046,GCTTTATTT,55,Indica II,96.0
330,W293,GCTTTATTT,55,Indica II,83.4
331,W169,GCTTTATTT,55,Indica II,93.6
332,W222,GCTTTATTT,55,Indica II,115.6
333,W189,GCTTTATTT,55,Indica II,114.2
334,W058,GCTTTATTT,55,Indica I,150.6
335,W294,GCTTTATTT,55,Intermediate,118.8
336,W295,GCTTTATTT,55,Indica II,99.6
337,W265,GCTTTATTT,55,Indica Intermediate,120.4
338,W156,GCTTTATTT,55,Indica I,99.2
339,W309,GCTTTATTT,55,Indica II,112.2
340,W300,GCTTTATTT,55,Tropical Japonica,107.2
341,C165,GCTTTATTT,55,Indica I,96.03
342,C151,GCTTTATTT,55,Indica I,107.73
343,W179,GCTTTATTT,55,Indica II,93.8
344,C038,GCTTTATTT,55,Indica Intermediate,101.33
345,W263,GCTTTATTT,55,Indica Intermediate,114.8
346,W308,GCTTTATTT,55,Indica II,109.4
347,W185,GCTTTATTT,55,Indica II,95.6
348,W170,GCTTTATTT,55,Indica II,90.6
349,W236,GCTTTATTT,55,Indica II,101.8
350,W276,GCTTTATTT,55,Indica III,160.2
351,W244,GCTTTATTT,55,Indica II,102.4
352,W271,GCTTTATTT,55,Indica Intermediate,95.8
353,W183,GCTTTATTT,55,Indica II,96.6
354,W228,GCTTTATTT,55,Indica II,115.0
355,W174,GCTTTATTT,55,Indica II,84.0
356,W043,GCTTTATTT,55,Indica Intermediate,105.4
357,W317,GCTTTATTT,55,Indica II,110.4
358,W312,GCTTTATTT,55,Indica II,111.6
359,W315,GCTTTATTT,55,Indica II,102.0
360,W264,GCTTTATTT,55,Indica Intermediate,91.4
361,C037,GCTTTATTT,55,Indica I,105.33
362,W151,GCTTTATTT,55,Indica II,98.0
363,W233,GCTTTATTT,55,Indica Intermediate,114.2
364,W152,GCTTTATTT,55,Indica II,110.0
365,C006,GCTTTATTT,55,Indica Intermediate,108.23
366,C007,GCTTTATTT,55,Indica Intermediate,107.97
367,C169,GCTTTATTT,55,Indica Intermediate,118.07
368,C044,GCTTTATTT,55,Indica Intermediate,104.33
369,W229,GCTTTATTT,55,Indica II,119.4
370,W230,GCTTTATTT,55,Indica II,-9.0
371,C113,GCTTTATTT,55,Indica Intermediate,73.77
372,C046,GCTTTATTT,55,Indica Intermediate,172.37
373,W164,GCTTTATTT,55,Indica Intermediate,88.6
374,W268,GCTTTATTT,55,Indica Intermediate,91.4
375,W163,GCTTTATTT,55,Indica Intermediate,91.4
376,C105,GCTTTATTT,55,Indica Intermediate,170.17
377,W259,GCTTTATTT,55,Indica II,106.0
378,W245,GCTTTATTT,55,Indica Intermediate,121.6
379,C170,GCTTTATTT,55,Indica I,94.87
380,W224,GCTTTATTT,55,Indica II,116.0
381,W180,GCTTTATTT,55,Indica Intermediate,108.0
382,C019,GCTTTATTT,55,Indica I,80.25
383,W307,GCTTTATTT,55,Indica II,101.0
384,W149,GCTTTATTT,55,Indica Intermediate,112.6
385,C031,GCTTTATTT,55,Indica Intermediate,96.27
386,C030,GCTTTATTT,55,Indica Intermediate,99.57
387,C167,GCTTTATTT,55,Indica Intermediate,108.23
388,W138,GCTTTATTT,55,Indica I,102.0
389,C160,GCTTTATTT,55,Indica Intermediate,83.68
390,W150,GCTTTATTT,55,Indica II,104.6
391,W133,GCTTTATTC,56,Indica Intermediate,157.8
392,W206,GCTTTATTC,56,Indica Intermediate,112.0
393,C131,GCTTTATTC,56,Indica I,165.07
394,W270,GCTTTATTC,56,Indica Intermediate,99.0
395,W266,GCTTTATTC,56,Indica III,132.6
396,C191,GCTTTATTC,56,Indica I,171.27
397,C041,GCTTTATTC,56,Indica I,113.1
398,C092,GCTTTATTC,56,Indica I,168.47
399,C091,GCTTTATTC,56,Indica I,170.07
400,W246,GCTTTATTC,56,Indica Intermediate,151.0
401,W073,GCTTTATTC,56,Indica II,98.8
402,W269,GCTTTATTC,56,Indica Intermediate,96.0
403,W199,GCTTTATTC,56,Indica Intermediate,125.2
404,C176,GCTTTATTC,56,Indica Intermediate,97.67
405,C127,GCTTTATTC,56,Indica I,152.54
406,W101,GCTTTATTC,56,Indica Intermediate,149.8
407,C060,GCTTTATCC,57,Indica I,114.73
408,W029,GCTTTATCC,57,Indica Intermediate,147.8
409,C122,GCTTTATCT,58,Indica I,118.1
410,W223,GCTTTATCT,58,Indica II,103.6
411,C059,GCTTTATCT,58,Indica I,113.43
412,C156,GCTTTATCT,58,Indica I,73.13
413,C155,GCTTTATCT,58,Indica I,69.47
414,C039,GCTTTATCT,58,Indica I,109.43
415,C020,GCTTTATCT,58,Indica I,78.17
416,C158,GCTTTATCT,58,Indica I,85.17
417,C161,GCTTTATCT,58,Indica I,93.5
418,C058,GCTTTATCT,58,Indica I,103.7
419,C033,GCTTTATCT,58,Indica I,132.04
420,C159,GCTTTATCT,58,Indica I,95.8
421,C021,GCTTTATCT,58,Indica I,80.83
422,C114,ACTTTATCT,59,Indica Intermediate,86.87
423,C024,ACTTTATCT,59,Indica I,85.33
424,C145,ACTTTATCT,59,Indica I,92.33
425,W125,ACTGTTCTT,60,Intermediate,152.0
426,W119,ACTGAATTT,60,Tropical Japonica,95.4
427,W155,ACTGTTTTT,61,Indica Intermediate,98.4
428,W120,ACTGTATTT,62,Temperate Japonica,109.6
429,C014,ACTGTATTT,62,Japonica Intermediate,82.43
430,W226,ACTGTATTT,62,Temperate Japonica,93.2
431,C119,ACTGTATTT,62,Temperate Japonica,86.17
432,W087,ACTGTATTT,62,Indica I,77.2
433,C051,ACTGTATTT,62,Intermediate,99.9
434,W329,GCTGTATTC,63,Tropical Japonica,147.4
435,C027,GCTGTATTC,63,Indica Intermediate,100.47
436,W239,GCTGTATTC,63,Indica Intermediate,109.8
437,W188,GCTGTATTC,63,Indica II,102.0
438,W085,GCTGTATTC,63,Indica Intermediate,118.6
439,C008,GCTGTATTC,63,Indica Intermediate,87.47
440,C045,GCTGTATTC,63,Indica Intermediate,106.23
441,W260,GCTGTATTC,63,Tropical Japonica,134.0
442,C094,GTTGTATTC,64,Indica Intermediate,154.87
443,C099,GCTGTTTTC,65,Indica Intermediate,176.8
444,W191,GCTGTTTTC,65,Intermediate,121.0
445,W033,GCTGTTTTC,65,Indica I,155.0
446,C066,GCTGTTTTC,65,Indica I,120.27
447,W107,GCTGTTTTC,65,Indica Intermediate,163.2
448,W192,GCTGTTTTC,65,Intermediate,121.2
449,W172,GCTGTTTTT,66,Indica II,100.2
450,W147,GCTGTTTTT,66,Indica Intermediate,117.6
451,W304,GCTGTTTTT,66,Intermediate,95.8
452,W194,GCTGTTTTT,66,Indica II,108.8
453,W154,GCTGTTTTT,66,Indica II,102.4
454,W321,GCTGTTTTT,66,Indica III,160.6
455,W299,GCTGTTTTT,66,Indica Intermediate,90.8
456,W146,GCCGTATTT,67,Indica I,127.4
457,W071,GCCGTATTT,67,Indica Intermediate,104.6
458,W310,GCCGTATTT,67,Indica Intermediate,111.2
459,W178,GCCGTATTT,67,Indica III,97.8
460,C102,GCCGTATTT,67,Indica Intermediate,150.67
461,W221,GCCGTATTT,67,Indica Intermediate,112.4
462,W262,GCTGTATTT,68,Indica I,83.8
463,W083,GCTGTATTT,68,Indica Intermediate,116.4
464,W153,GCTGTATTT,68,Indica II,103.8
465,W202,GCTGTATTT,68,Indica Intermediate,112.0
466,C069,GCTGTATTT,68,Indica II,115.8
467,W243,GCTGTATTT,68,Indica II,105.6
468,W237,GCTGTATTT,68,Indica II,115.8
469,W159,GCTGTATTT,68,Indica II,95.2
470,C174,GCTGTATTT,68,Indica II,111.43
471,C068,GCTGTATTT,68,Indica II,109.6
472,W186,GCTGTATTT,68,Indica Intermediate,98.2
473,W318,GCTGTATTT,68,Indica I,139.3
474,W201,GCTGTATTT,68,Indica Intermediate,108.2
475,W301,GCTGTATTT,68,Indica II,95.6
476,C166,GCTGTATTT,68,Indica Intermediate,94.73
477,C042,GCTGTATTT,68,Indica Intermediate,103.67
478,C147,GCTGTATTT,68,Indica II,108.1
479,C053,GCTGTATTT,68,Indica Intermediate,116.63
480,C009,GCTGTATTT,68,Indica Intermediate,106.8
481,C022,GCTGTATTT,68,Indica I,77.3
482,W184,GCTGTATTT,68,Indica II,98.0
483,W311,GCTGTATTT,68,Indica II,100.6
484,W217,GCTGTATTT,68,Indica Intermediate,133.8
485,C025,GCTGTATTT,68,Indica Intermediate,82.83
486,W234,GCTGTATTT,68,Indica Intermediate,112.8
487,W176,GCTGTATTT,68,Indica II,101.4
488,C011,GCTGTATTT,68,Indica II,100.43
489,W289,GCTGTATTT,68,Indica II,104.4
490,C049,GCTGTATTT,68,Indica Intermediate,103.13
491,W218,GCTGTATTT,68,Indica Intermediate,133.6
492,W216,GCTGTATTT,68,Indica II,113.8
493,W051,GCTGTATTT,68,Indica II,107.4
494,W238,GCTGTATTT,68,Indica II,95.4
495,W118,GCTGTATTT,68,Tropical Japonica,84.2
496,W322,GCTGTATTT,68,Indica Intermediate,109.0
497,C050,GCTGTATTT,68,Indica II,108.81
498,W225,GCTGTATTT,68,Tropical Japonica,90.2
499,W044,GCTGTATTT,68,Indica II,98.8
500,W182,GCTGTATTT,68,Indica II,101.2
501,W211,GCTGTATTT,68,Indica II,97.0
502,W168,GCTGTATTT,68,Indica II,101.4
503,W187,GCTGTATTT,68,Indica Intermediate,105.2
504,C164,GCTGTATTT,68,Indica II,95.53
505,W177,GCTGTATTT,68,Indica II,100.0
506,C115,GCTGTATTT,68,Indica II,80.4
507,W213,GCTGTATTT,68,Indica Intermediate,137.4
508,W227,GCTGTATTT,68,Indica Intermediate,106.6
509,W316,GCTGTATTT,68,Indica II,99.0
510,C062,GCTGTATTT,68,Indica I,105.5
511,W157,GCTGTATTT,68,Indica Intermediate,95.2
512,C043,GCTGTATTT,68,Indica I,106.33
513,C065,GCTGTATTT,68,Indica Intermediate,109.07
514,W231,GCTGTATTT,68,Indica II,117.0
515,C061,GCTGTATTT,68,Indica II,109.37
516,C168,GCTGTATTT,68,Indica Intermediate,104.87
517,W161,GCTGTATTT,68,Indica II,102.0
518,W242,GCTGTATTT,68,Indica Intermediate,106.2
519,C178,GCTGTATTT,68,Indica I,107.67
520,W197,GCTGTATTT,68,Indica II,112.8
521,W267,GCTGTATTT,68,Indica Intermediate,114.4
522,W165,GCTGTATTT,68,Indica Intermediate,103.8
523,C163,GCTGTATTT,68,Indica II,104.17
524,W086,GCTGTATTT,68,Indica II,103.4
525,W195,GCTGTATTT,68,Indica II,123.8
526,C148,GCTGTATTT,68,Indica II,117.2
527,W167,GCTGTATTT,68,Indica Intermediate,135.2
528,W166,GCTGTATTT,68,Indica Intermediate,137.8
